PLAYER_ID,PLAYER_NAME,PERIOD,REMAIN_TIME,DIST,ANGLE,COMBINED_SHOT_TYPE_Jump Shot,COMBINED_SHOT_TYPE_Layup,COMBINED_SHOT_TYPE_Dunk,COMBINED_SHOT_TYPE_Tip Shot,COMBINED_SHOT_TYPE_Hook Shot,COMBINED_SHOT_TYPE_Bank Shot,INTERCEPT,CLUSTER
101108,Chris Paul,-0.0519638352907886,0.1219018162317594,-0.3856130684180172,0.0466086044979672,-0.0082625941824598,0.0522388357849904,0.0,0.0,0.0,-0.2102003675908988,-0.2363743972729694,4
1626145,Tyus Jones,-0.0746660888930187,0.1239182264632869,-0.4167052547008576,0.0329437698110836,-0.3518282332831295,-0.3191041936562195,0.0,0.0,0.1380437619256222,-0.0248412299700808,-0.2446795419884875,2
1626156,D'Angelo Russell,-0.0300720819234563,0.1204767725583985,-0.1129063969961368,-0.0410314266333913,-0.1094915914563972,0.0475138570794018,0.10177829356453706,0.0,-0.2823691930460391,-0.237485874521593,-0.3251735249524384,2
1626157,Karl-Anthony Towns,-0.10804352262332,-0.0240600643807432,-0.5018100038917112,-0.0276423033699311,-0.1211843614781804,-0.1115956374311585,0.2734965463117229,0.0,-0.771973970519619,-0.0234525445647255,-0.2256146830980193,1
1626162,Kelly Oubre Jr.,-0.0107530974181308,-0.0607517625725049,-0.5717176767159344,-0.115300455514528,-0.1529858805779898,-0.176688596666295,0.25097178057030994,0.0,-0.6864136615554608,0.0174539938213762,-0.5444906791991887,1
1626166,Cameron Payne,-0.0188582812414761,-0.0628109311665359,-0.209387646610608,0.0625834509373617,0.1774831439267487,0.1940026781304767,0.0,0.0,-0.0775692737358648,0.0423646842136258,-0.3279879475210868,4
1626167,Myles Turner,0.1106299622726193,0.1624544836551489,-0.6871509502778655,-0.0159177177366838,-0.2194993327281378,-0.2464203640453108,0.37367084299271336,0.0,-1.0241094648459046,-0.0442928807262254,-0.1883221994642557,0
1626168,Trey Lyles,-0.1130232058977395,0.0087590935993752,-0.7395956324531404,0.0326488280603737,-0.0870853931958742,-0.141206837399918,0.1481151883528688,0.0,-0.4050043729984517,0.1695841393227903,-0.2334130914583095,1
1626171,Bobby Portis,-0.1015570335017228,0.0181245191927667,-0.3475654153474822,0.0110724729525422,-0.1780932787298887,-0.1067695798063399,0.20840949037684842,0.0,-0.5677413167137898,0.0188242070341009,-0.2808799134020157,1
1626172,Kevon Looney,-0.1984758154815204,-0.0510729113700128,-1.9823346003149145,0.0668995700166873,-0.1214091653294094,-0.2452428779524243,0.436605317425073,0.0,-1.2423972485158192,0.170108649007977,-1.2114963806362744,3
1626179,Terry Rozier,0.0242484345959723,0.0584318372589282,-0.4651813546627196,0.0066277761827908,-0.1687251734958894,-0.1567480754136465,0.1172782440333195,0.0,-0.2842467625843768,-0.0270028491758391,-0.403165068375625,2
1626181,Norman Powell,0.0794160881544215,0.0056276613177971,-0.377023632350484,-0.0061010514578314,-0.0771646821170859,-0.0384002900369715,0.33010303837898797,0.0,-0.9656865703476436,-0.0227778544211244,-0.2054255711754631,0
1626192,Pat Connaughton,0.0418492231019072,-0.0706431664853162,-0.7817280340636438,-0.0566688276306307,-0.0033773634152366,-0.0152603609084687,0.16214415897942414,0.0,-0.4720783714554498,-0.2510055030547981,-0.2841613511040903,1
1626196,Josh Richardson,-0.1018800701936573,-0.0024538218969256,-0.4090390048494132,-0.0020891242478618,-0.212257520422927,-0.1118970351524117,0.14506565265606247,0.0,-0.3692434553021143,0.0095785237269947,-0.3360779629395635,2
1626204,Larry Nance Jr.,0.0169723208438553,0.0100578283220318,-0.5923751420271274,-0.0633147109174665,-0.1885686243575525,-0.198978828478586,0.3593214858848655,0.0,-0.998840852137894,-0.0011582472338251,-0.2787068029570949,0
1626220,Royce O'Neale,-0.0407623928350446,0.0290593465420438,0.0667348327433148,0.0810727023376995,-0.2121817701521813,-0.1291656411454261,0.18509906030798484,0.0,-0.4856985627068713,0.0055272806201363,-0.4899225729555625,2
1626224,Cedi Osman,-0.014669729475293,-0.0320590802942366,-0.0189160280627022,-0.0578243842504567,-0.303080603126699,-0.0535228505426375,0.3475854466190365,0.0,-0.976417681512232,0.1646843030649854,-0.465730122842055,0
1627734,Domantas Sabonis,-0.1151373622042717,-0.0174544483078059,-0.4266510295587048,-0.0928985285341973,-0.2190391821554171,-0.1236061813411153,0.38464064701781914,0.0,-1.0816947430767234,-0.0499961907597367,-0.3706443507419321,0
1627739,Kris Dunn,0.1708852961876611,-0.0047711457873774,-0.5303634398550529,-0.2245736166889792,-0.1778412425852125,-0.2041272386419944,0.37986453841539675,0.0,-1.060374083534781,-0.0312134732922601,-0.253759429218011,0
1627741,Buddy Hield,-0.0225999094595819,0.0090942459329706,-0.2248737923640394,-0.0261976687490844,-0.5326860716026954,-0.456877606073499,0.0667422366763171,0.0,0.0142332854315697,-0.2930911494383375,-0.2853398709128488,2
1627742,Brandon Ingram,-0.0322296348429793,0.0061300524007628,-0.535269565588234,-0.0271085806925774,-0.2614458769668038,-0.249450438762677,0.35358278686744177,0.0,-0.9450201328040432,-0.2714296602206694,-0.2664782680411243,0
1627747,Caris LeVert,0.0334076601857205,0.0327162796206804,-0.1251396502568674,-0.0881379518432226,-0.3474982963096256,-0.2374961314239496,0.40396907681461847,0.0,-1.090329545278118,-0.0466707220186153,-0.5523292326297201,0
1627749,Dejounte Murray,-0.1084069189300763,-0.0461509433942924,-0.6029219538355938,-0.0516627074147156,-0.1709279497332829,-0.1940094977098936,0.37476042146832333,0.0,-1.0498012709966742,-0.0010658913432738,-0.3107269245498166,0
1627750,Jamal Murray,-0.093935833695382,0.023205163805019,-0.162699726834174,0.0240330596698776,-0.2687450222276885,-0.193267826521141,0.39673196480440387,0.0,-1.0946165358099187,-0.026966105284794,-0.259143910523445,0
1627751,Jakob Poeltl,0.0018481609087329,-0.0838118640139814,-1.810835037293964,0.0571700827998721,-0.0810216573095825,-0.1095954134159033,0.34442265929062515,0.0,-0.9915268684023796,-0.0687080287576695,-0.9265321241379366,3
1627752,Taurean Prince,-0.0707555800855931,0.0478769024563879,-0.4025392620719858,-0.0125055818334916,0.0102167875535175,0.0540331290879823,0.3503380850040764,0.0,-1.0746346546295955,0.2514962311469923,-0.2905901420740672,0
1627777,Georges Niang,0.012855933981278,-0.0773380786977292,-0.4482058326601984,0.0697302952554802,0.0948683997962325,0.1721709530917896,0.0,0.0,-0.0558402366662217,0.0354457813323147,-0.195264160236395,4
1627783,Pascal Siakam,-0.0156930755556538,0.0490533969759164,-0.6652086154227104,0.0200317581137375,-0.2313518302010196,-0.1598275406302897,0.45444328110140036,0.0,-1.2812028809954286,-0.0509901006624837,-0.4319312435734077,0
1627826,Ivica Zubac,0.0390262371399962,-0.0548694584256113,-1.2314642208178561,-0.0362967591245616,-0.1501226681703366,-0.2610189969271609,0.2011355271808238,0.0,-0.5173938664867986,-0.0551263582540217,-0.7187044597168305,1
1627827,Dorian Finney-Smith,0.0431487648071425,0.0064797398283201,-0.3889478594649914,0.0273272403670182,-0.2050297881290777,-0.1912938834625097,0.13881500949523248,0.0,-0.3259411955886385,-0.2276459040496691,-0.4981813967901398,2
1627832,Fred VanVleet,-0.0497901405123198,0.073229972409232,-0.2619403751887628,-0.0440910348181928,0.2654973526708182,0.2633914654806648,0.0,0.0,-0.111664403525721,0.0882586919852,-0.3611995194358152,4
1627884,Derrick Jones Jr.,-0.0490500694463834,-0.0765487845976245,-1.0440019312861395,-0.0431918429908493,0.0074153521305728,-0.155918871287252,0.18490715670288352,0.0,-0.5162193369007766,-0.2022111594750347,-0.3023520452383207,1
1627936,Alex Caruso,0.0266622937491918,0.1205836977203793,-0.2371527861400696,-0.0188563189467386,-0.1695186629197444,-0.0592501526686645,0.2324784708254738,0.0,-0.6410912339318047,-0.2239694023156799,-0.3434525850427734,2
1628365,Markelle Fultz,0.0701261425790721,0.0978572458245273,-0.873666944383101,0.0690658426290585,-0.012324171318242,-0.0402675967864368,0.25506489382536096,0.0,-0.753918116786761,-0.0142080808905269,-0.4757293395893631,1
1628368,De'Aaron Fox,-0.0301021986936277,-0.0085400875627156,-0.7273144937601296,-0.0365115000564917,-0.1442827502665127,-0.1129030384598608,0.33627730446363774,0.0,-0.9535945123348096,-0.0637451726488776,-0.3075877623670521,1
1628369,Jayson Tatum,-0.0820249334123426,0.0388453690723711,-0.274639132504805,-0.0496450880454962,-0.2396902738520024,-0.1277240621532361,0.4410986437221871,0.0,-1.2481967547722226,0.0026088121439072,-0.4666411301991208,0
1628370,Malik Monk,0.0309076304768408,-0.0520070638875206,-0.4379707027543482,0.0971261720526738,-0.0937344098696493,-0.06841989505243,0.4624292950364908,0.0,-1.3532785999712638,-0.0205214746344592,-0.3782384303962732,0
1628372,Dennis Smith Jr.,0.0665514024230612,0.0934119514133792,-0.476213824064344,0.1366123806332312,-0.3287490766822269,-0.2134943160922406,0.26705292783380147,0.0,-0.6909844288926568,0.0171520001527182,-0.844929340100405,1
1628374,Lauri Markkanen,0.0051354778203031,0.0175261517748521,-0.2674394875831522,0.0169861574828744,-0.2076936936399997,-0.1484739304659666,0.30852644107740895,0.0,-0.8509010934326069,-0.0443757266668077,-0.3063062448413792,0
1628378,Donovan Mitchell,-0.119835749341482,0.0407599224761923,-0.5562007903425966,-0.0257103202122358,-0.2130186816530299,-0.1972768862364401,0.1826274883619644,0.0,-0.4512384793706414,-0.305616529369115,-0.234670756740456,2
1628379,Luke Kennard,0.1109405064214025,0.0762639902989909,0.067738896973362,0.0170936573617377,-0.0396779900332955,-0.0072398000603036,0.0,0.0,0.0,0.2288374225831019,-0.1026325059348221,4
1628380,Zach Collins,-0.0741200390794148,0.075004350622226,-0.6210326946550824,-0.0261127248613499,-0.1977058640815525,-0.1681479854455299,0.3170398096682369,0.0,-0.8851537946530301,0.2079734640078651,-0.4186420492573242,1
1628381,John Collins,-0.0537953612862224,-0.0156845997818859,-0.7830594791791016,0.0124556660434428,-0.1823502191591302,-0.1891112967554663,0.4013517776315075,0.0,-1.1268465343881489,-0.033464903819044,-0.4371288003394391,0
1628392,Isaiah Hartenstein,-0.0593466424489685,0.0671523611365707,-1.1376496823554796,0.0086559034239151,-0.1705977228013243,-0.2501972637664562,0.26067386136814497,0.0,-0.6968685675751534,0.013526521798628,-0.7446237981466636,1
1628398,Kyle Kuzma,-0.0441745023444526,0.04445454811454,-0.4950300946093854,0.0367786007223105,-0.2736493351663325,-0.1847430767517199,0.3629713228463916,0.0,-0.9937071443824476,-0.0350293253822773,-0.5103193758847149,0
1628401,Derrick White,0.0071772494648237,-0.0158806372522153,-0.3584295295097922,-0.0214557199192474,-0.2092215383347678,-0.1228079914709908,0.24667138056701163,0.0,-0.672403526389544,0.0077360627575609,-0.2714148171566228,1
1628404,Josh Hart,0.0634364609206863,0.0222094994050401,-0.3428341011139594,-0.0373886421958384,-0.1947531748088159,-0.0250629661226354,0.4446980344298473,0.0,-1.2967251976624934,0.1858996366758155,-0.5797892636709775,0
1628420,Monte Morris,-0.1316872235062975,0.1621686608335314,-0.6778837623878112,-0.1320548588072391,0.4446724481216289,0.3992625309818015,0.0,0.0,-0.1827940895196899,0.2483741572995341,-0.2509196053884546,4
1628470,Torrey Craig,-0.0416922006778669,-0.1504263570135041,-0.3061352494098938,-0.0201646463501458,-0.0923230876202967,-0.0359414334157689,0.17731564332160007,0.0,-0.4967305486554118,-0.2118984202331877,-0.3665711311377648,2
1628975,Jevon Carter,0.0820690497298556,0.1199997697870761,-0.3228028658227472,0.0645449689280959,0.004560656266371,-0.0656552987902279,0.006855258539570333,0.0,0.0,-0.1955174213767632,-0.3167375584114658,4
1628976,Wendell Carter Jr.,0.0859461505148599,-0.0510372176436433,-0.621596763495305,-0.0239323069723331,-0.1496417141347862,-0.116292464174824,0.4259044968582264,0.0,-1.2200430785034273,-0.0790234390065879,-0.2954590381844809,0
1628978,Donte DiVincenzo,0.0084314717371825,0.0822259877063391,-0.1529839048291978,0.1076995915962648,-0.1800744457396722,-0.1028673645222467,0.28146208965376884,0.0,-0.7949431987848979,0.2007468001940816,-0.2939594944264861,0
1628983,Shai Gilgeous-Alexander,-0.0100024054934795,-0.0186193663399328,-0.6833053705694152,0.0057419792640997,-0.1238608874191889,-0.1301704790131964,0.4152659986952445,0.0,-1.1902357045683352,-0.088518568620358,-0.288284129574298,0
1628984,Devonte' Graham,-0.0176007587725043,0.0390459921549921,-0.451426988427124,-0.0287395338220934,-0.0204968407531083,-0.023521262975646,0.0,0.0,0.0,0.2131155589611391,-0.4049625426852136,4
1628988,Aaron Holiday,0.12812582546692,-0.1290263111433057,-0.253100871000857,0.1069541961690779,-0.0894301303876798,-0.0498856252656265,0.17446285504609615,0.0,-0.4864683949834567,-0.1995969796029799,-0.3298224932043674,2
1628989,Kevin Huerter,0.0831720168303517,0.0042365191337068,-0.4959961585874024,0.0203328147783486,-0.3221896715507689,-0.2134048792479323,0.026515316774460465,0.0,0.0329998617677963,-0.0716596512055262,-0.2025779603951283,2
1628991,Jaren Jackson Jr.,0.0077896527931968,0.1110606544608122,-0.3565026041959154,-0.0829433583914927,-0.2504808396439728,-0.1987399495276409,0.3213587307465739,0.0,-0.872061590948195,-0.0054401307325811,-0.5456963582472799,0
1628995,Kevin Knox II,-0.0052617765538768,0.0997671337522231,-0.6107510107413094,0.0271406969446679,-0.1631059651863856,-0.1344980279891959,0.2533139649339848,0.0,-0.696285865646748,-0.0679014459628928,-0.3770051551908435,1
1628997,Caleb Martin,-0.0475314966350498,0.0616695492057038,-0.2380786872659172,-0.0601030289523941,-0.1605616918591468,-0.0749034163790233,0.25585976080151396,0.0,-0.7281027764318574,0.2077193855162792,-0.4578128053789952,0
1629001,De'Anthony Melton,0.0358367311123753,0.0773173765628267,-0.0429455564956674,0.0477369831016057,-0.2282942145699082,-0.1411080343499311,0.41485364342922765,0.0,-1.168551331914511,-0.0105413339773954,-0.4765945902536134,0
1629003,Shake Milton,0.0551981580360834,-0.0470265653627032,-0.4802369995702156,0.0789395267189986,-0.0077430129929125,0.0391576004617749,0.312431557289902,0.0,-0.952369130687264,0.207856728794134,-0.4083556949800637,0
1629006,Josh Okogie,-0.1719491928653952,0.0919025661432103,-0.3522204115810944,-0.0617404597326513,-0.2687791538478841,-0.2674206630409154,0.0338160891384093,0.0,0.0,0.189638865795459,-0.6623384915268414,2
1629008,Michael Porter Jr.,-0.0255330993988489,-0.0832777606488357,-0.4230103146246382,0.044679461000782,-0.1065987015551752,-0.0641669832271115,0.32199573736852055,0.0,-0.9198801194668368,-0.2651734943091509,-0.1353234574089914,0
1629012,Collin Sexton,0.0355279630696584,0.028191170032126,-0.3576293450770916,-0.1004704368589244,-0.156466815798367,-0.0918396030233564,0.151118161503173,0.0,-0.3994189393926193,-0.0742911392103529,-0.3107587429360077,2
1629013,Landry Shamet,0.0862642861231663,-0.1773858003914793,-0.2142791643754794,0.0585082741138017,-0.1519073800528071,-0.0657963690146304,0.012178873384879767,0.0,0.0,0.1914783452206496,-0.4528984064556131,4
1629014,Anfernee Simons,-0.0033540488178854,0.0328034999791813,-0.3312908138845066,0.0134870908132665,-0.2510255483347994,-0.2242444349596,0.22285021046011258,0.0,-0.5692143989803273,-0.0542175220347456,-0.3196185310388193,2
1629018,Gary Trent Jr.,0.0022529683152619,-0.0258071169872029,-0.2980148220900278,-0.011145359774983,-0.1645344696444403,-0.0802425815848284,0.31328040739924745,0.0,-0.8884596070834875,-0.029836498112369,-0.3480944442749012,0
1629020,Jarred Vanderbilt,-0.0058454947353723,0.0689360976504229,-0.0112625847072938,0.0144774046050329,-0.4920624410220222,-0.2732129240933761,0.37477343816174963,0.0,-0.957023664029755,-0.253397215977878,-0.9052726082953088,0
1629021,Moritz Wagner,0.0595125700497308,0.050394440208439,-0.8594345311162807,0.1436630850310165,-0.1006154741581838,-0.0767850115903313,0.28260626513427434,0.0,-0.8098506120272396,-0.040704116086298,-0.4187969034168504,1
1629022,Lonnie Walker IV,0.0378255111343373,0.0334283695461767,-0.2169879947852838,-0.0294074929389393,-0.0984142507738697,-0.0105101495809914,0.25744164931091323,0.0,-0.7581893259880857,0.1963095260665275,-0.3930288132180669,0
1629023,P.J. Washington,-0.0257080557910903,0.0287996430204946,-0.3869306115803168,0.0118892187567806,-0.2650080157809545,-0.187422171321891,0.3609150178168777,0.0,-0.9899829127960688,-0.0064168778703465,-0.5112853174362189,0
1629026,Kenrich Williams,-0.0706300408329197,-0.0196726406567364,-0.2809579481663626,-0.1031785708637088,-0.093967873856043,0.0456160003217839,0.4207163359355166,0.0,-1.2417920921038244,-0.2423948567357432,-0.3471868311710842,0
1629027,Trae Young,-0.0286226560746726,0.0640049150908101,-0.484249652246906,-0.0027754083354227,0.4558899427414518,0.4098102458680581,-0.029548828531900134,0.0,-0.1009548720713687,0.304487013570875,-0.3179285037959248,4
1629029,Luka Doncic,-0.0207022943049096,-0.0263866654690354,-0.6188288019966666,-0.0211127382832397,-0.1104299154939528,-0.0066270231417231,0.2066430665938295,0.0,-0.5968680251020406,0.0245837179597471,-0.2199027820454581,1
1629060,Rui Hachimura,0.1378102337760218,0.1241695870879603,-0.6290676061864156,0.0373693857320883,-0.0736132013903075,-0.0870959220500662,0.39210247430585543,0.0,-1.1341953780715135,-0.2216988061099665,-0.2321327888634436,0
1629111,Jock Landale,-0.1189398486173506,-0.1372024101942958,-1.5337823142360603,0.0936618731294423,0.0378185013075292,-0.1732157506897005,0.23455717770054166,0.0,-0.6756237153946925,-0.019792671883012,-0.4273757267088188,3
1629130,Duncan Robinson,0.0852422563480319,-0.0083317540572905,-0.381152825766192,0.0950967929919622,-0.0485338203525671,0.078669773089066,0.24344761629737696,0.0,-0.7261879305136792,-0.238629665264784,-0.2816416934015311,1
1629216,Gabe Vincent,-0.1697739608170381,-0.0184149453794745,-0.6031896007242192,0.0669291690054407,0.0568728113048084,0.0640545665600889,0.1265007816284975,0.0,-0.4042833374385632,0.0027276402822856,-0.4166341134505507,4
1629234,Drew Eubanks,-0.1182638729394055,-0.008115298982838,-1.1829069311806304,0.039012960833205,-0.0375139862818066,-0.1211378989847013,0.14102287211763587,0.0,-0.3890603343508743,-0.0426070120368364,-0.5349520116903174,1
1629312,Haywood Highsmith,0.0036812156790336,-0.1012519993504272,-0.448102343969774,-0.0124687814784678,-0.1954517862707102,-0.2025313509089042,0.354426147572329,0.0,-0.9722389300624722,-0.2333045138064223,-0.3307231326346482,0
1629611,Terance Mann,-0.0604151218085261,0.0463135250936845,-0.4323637160498346,-0.0162954646407261,-0.2305607040075606,-0.1051163102275475,0.18430557620743315,0.0,-0.4846735836697634,0.0122341248417315,-0.4262699997647924,2
1629614,Andrew Nembhard,-0.0273628442094489,-0.0288525730631229,-0.4422067711557204,0.0221251307356093,-0.4446011350113823,-0.3291745337542286,0.054114019407247,0.0,0.0,-0.0994825980473447,-0.3360594787723899,2
1629622,Max Strus,0.0051715556254146,0.0827991362480792,-0.5261722138919805,0.0074959020120045,-0.2238789349574185,-0.2241833885069376,0.10903729266183775,0.0,-0.2435280719070944,0.1866231358874912,-0.3687123564406234,2
1629629,Cam Reddish,0.091380347216592,0.1236354489743731,-0.2422120058431828,-0.1821795477629311,-0.2690846551450196,-0.1257346322661055,0.3098820130263861,0.0,-0.8572371985998533,0.2007246659994645,-0.6918266675903689,0
1629630,Ja Morant,-0.0934391688490671,0.0408057226483191,-0.6223787248746456,0.0027529740019014,-0.1661359487861007,-0.1405619619447014,0.09702616339729947,0.0,-0.2192092549986409,-0.2189532031425868,-0.5508592587456921,2
1629631,De'Andre Hunter,0.0226612358811322,-0.0658002762075562,-0.5357286884843548,0.0229284553400786,-0.2421866020549738,-0.2727774035887579,0.0316771647013511,0.0,0.0105069475678842,-0.0118451428615903,-0.2658686020659148,2
1629632,Coby White,0.0407016273396013,-0.0932578936368341,-0.2229272750759392,-0.0306180033488415,-0.301190277700286,-0.1696407134882978,0.30295424305884094,0.0,-0.8102985329245,-0.0524526521691883,-0.4004418143778367,0
1629636,Darius Garland,-0.0284405936111437,0.0799227990960762,-0.285333611464419,-0.0553488914812127,-0.1104526538764824,-0.0699550828041405,0.2557352487795164,0.0,-0.7197997823933114,-0.2493839490274409,-0.2877023466507279,0
1629639,Tyler Herro,0.0145388250558897,0.0302086647907876,-0.4157957681601862,0.0054649064315809,-0.1617508946649292,-0.1587994843597963,0.267159079115247,0.0,-0.7261986910216038,-0.2338394198257501,-0.2873406583625784,1
1629640,Keldon Johnson,-0.06948464487395,0.0607249735952587,-0.350248989825867,-0.0217258400028692,-0.1620716071570836,-0.0610571356078662,0.35077487198238705,0.0,-1.0056416343980052,-0.0223916976403986,-0.5080095151383129,0
1629651,Nic Claxton,0.0210346865322593,-0.063111416069745,-1.924675205488675,-0.0270890907239642,-0.1434981144766621,-0.1665372956600107,0.351663789891503,0.0,-0.9908731170277856,-0.0210835058818567,-1.5059918245951287,3
1629652,Luguentz Dort,0.0253680278038182,0.0464866662478633,-0.300342407364521,0.0097890518758676,-0.2333307520096326,-0.2476869574502612,0.18820699378910258,0.0,-0.4648346709081299,-0.0389963570846906,-0.459243452701892,2
1629655,Daniel Gafford,-0.0919910758311868,0.1193225246325784,-1.9929517857183532,0.0663553805900067,-0.1550675047474259,-0.2374367495713755,0.32652966052673177,0.0,-0.8979151493912553,-0.0410771725216249,-1.2862715503395084,3
1629656,Quentin Grimes,-0.0031313549158158,0.0403880532432583,-0.2084186642895734,-0.1344274411877929,-0.4022106535761216,-0.2359253050684202,0.04323314040044537,0.0,0.0,0.0206493197286382,-0.5309622307261161,2
1629659,Talen Horton-Tucker,0.0001889527400259,0.0771746521958734,-0.5174243847347414,0.0363888191091936,-0.1050835743015273,-0.0940778343124331,0.23381878243268586,0.0,-0.6598088287231364,-0.023223080477764,-0.6193492532116259,1
1629661,Cameron Johnson,-0.1987669925872067,0.0465739964149191,-0.1197034705014248,0.0234820859250456,-0.4189103252791831,-0.2681188970638384,0.044123049704498006,0.0,0.0207537102890366,-0.2992345434299631,-0.4178228485612941,2
1629667,Jalen McDaniels,-0.0195871700825467,0.0306158498503126,-0.6858416918285386,0.0070748029611541,-0.1515251823863403,-0.175423703030476,0.1429775976466064,0.0,-0.3619413601363945,-0.0073859974938749,-0.6147181811866377,1
1629670,Jordan Nwora,-0.053312836942572,0.0265137542594019,-0.318935821340736,-0.0714401897717515,-0.2148626679664889,-0.1605641543694444,0.2166590414297099,0.0,-0.5709451763085068,-0.0546506738665489,-0.4007219384639933,2
1629673,Jordan Poole,-0.0955051013775066,0.0748647784620682,-0.2512667381624092,0.002642403447686,-0.2148789603825582,-0.0706019393935681,0.3416314785668783,0.0,-0.9643435005145876,-0.0474674171524956,-0.5351188160422738,0
1629675,Naz Reid,-0.1338086330881606,0.065769123550045,-0.4071701400579734,0.0318221987775821,-0.1797726369267356,-0.1234935444700302,0.3388337833363199,0.0,-0.9526290690593237,-0.0442969633660546,-0.2911018021174955,0
1629680,Matisse Thybulle,-0.0569718813424924,0.1823033911439587,-0.1962439178666466,-0.0023765681197435,-0.4297799878293008,-0.3738132603969001,0.19881787775467366,0.0,-0.421402839767481,-0.2595111676726412,-0.5563299889470754,2
1629684,Grant Williams,-0.0147554758240167,-0.0206344612225862,-0.1414438311228134,0.0961270800830944,-0.2768149636923616,-0.0935642500614952,0.33280843341127186,0.0,-0.922540343579395,0.0016839698877323,-0.3776251140767748,0
1629723,John Konchar,0.053887217250567,0.0538573042717513,0.2567385850420228,-0.0090576040811305,-0.5568320577779033,-0.2214463175559569,0.008013945856585268,0.0,0.1352544603427884,0.0050129136317057,-0.7774262499936553,2
1630162,Anthony Edwards,-0.0051643448228174,0.0177376110632805,-0.3055691686254492,0.0370392957289563,-0.2173159714690022,-0.1172883555951767,0.27179743193460243,0.0,-0.7461984663402789,-0.0167297813094607,-0.4416666916704324,0
1630164,James Wiseman,0.1347749207171669,-0.0916376957644831,-1.0952124952542925,0.0517655827213072,-0.2604660996100377,-0.2065956623950112,0.3487890962244237,0.0,-0.9586902863208724,0.184062814086731,-1.1077075753527967,1
1630165,Killian Hayes,-0.0495830156749013,0.0585297734561679,-0.499361182019723,0.0903150877505816,-0.2875875516171567,-0.2658220406818728,0.29079217788014233,0.0,-0.7573365653904459,-0.0486628481307516,-0.6037323392374434,1
1630167,Obi Toppin,-0.1319639602324624,-0.0602629291114313,-0.0460671720577446,-0.0344683917665695,-0.2348863126822846,-0.0423558259045868,0.4050091954669444,0.0,-1.1556433816186729,-0.0574092661853669,-0.4539632821033798,0
1630168,Onyeka Okongwu,0.0117047301507315,-0.0002389361349851,-1.0183859241971216,0.1085767067263853,-0.0963532634626857,-0.1237449669751317,0.3318022337922368,0.0,-0.94867886786564,-0.0441981582596593,-0.4539127132611937,1
1630169,Tyrese Haliburton,0.0426163919053459,-0.0114892090690703,-0.42198146132431,0.060573457114088,-0.2839981019240505,-0.2233305851502371,0.5450946577659878,0.0,-1.5297179225138835,-0.0451854752735909,-0.1992901326477899,0
1630170,Devin Vassell,0.0533002748393332,0.0194260862464963,-0.4044010518002848,0.0981187465473053,-0.2337432129176932,-0.1960892097437665,0.23320781632905588,0.0,-0.609855815932071,-0.046698418457974,-0.2632440787164003,1
1630171,Isaac Okoro,-0.0534117606432169,0.0361307884660176,-0.3585049646101046,-0.0998198105409531,0.0126476141163213,0.0717613442396253,0.531382722675943,0.0,-1.6128441209202486,0.0376544221912452,-0.3385044327355678,0
1630172,Patrick Williams,-0.0585982185407144,0.0137154569961452,-0.2128881259696966,0.0236514549054334,0.0317636552866312,0.0283268088290709,0.4101880313058584,0.0,-1.2408630767833395,-0.0468083764208329,-0.3377667164515226,0
1630174,Aaron Nesmith,0.033707274951172,0.0202933805514011,-0.3974172334555796,0.0168834987382352,-0.2245648475658359,-0.2332200108755112,0.30462278558385497,0.0,-0.8203832124291699,-0.0017072131532139,-0.2819101246019552,0
1630178,Tyrese Maxey,-0.0504971121580426,0.1494054820109223,-0.2350372260210364,0.0508927904603072,-0.1980427705989328,-0.1127110404975231,0.5375847779460844,0.0,-1.5457531912366196,-0.0809235080977317,-0.3659956298882172,0
1630182,Josh Green,-0.0945559392255713,-0.0248432906413418,-0.499193352987146,-0.0690877616974333,-0.3122995060499751,-0.2867265096960955,0.21179247494238215,0.0,-0.5113613088581307,-0.0405588922737534,-0.2570171329499479,2
1630183,Jaden McDaniels,-0.0477700506668495,0.0112642794759935,-0.4324814734863842,0.0307736553084761,-0.2615340711252962,-0.1755235620085004,0.15035672572218334,0.0,-0.363027964603572,0.0315465180471052,-0.37438224314731,2
1630188,Jalen Smith,-0.1002103588672749,7.668391050638592e-05,-0.4005566967547602,0.0563581983765856,-0.276996256170146,-0.1395054017646186,0.5513171714018434,0.0,-1.5679239201240516,-0.0177899854358673,-0.4938811079768377,0
1630191,Isaiah Stewart,0.0553999666165139,0.0242859541005468,-0.7345288694242744,0.040702625036285,-0.0151665421178089,-0.102386760671571,0.2860339787362001,0.0,-0.83447404209352,0.0045210929014059,-0.256198485157487,1
1630193,Immanuel Quickley,-0.0594743448493854,0.1035706117276172,-0.3758927099608944,-0.0114803564626607,-0.2376426393464399,-0.1846143830960957,0.3729830395344869,0.0,-1.0316147647214122,-0.0249124392347575,-0.3226405769749458,0
1630194,Paul Reed,-0.0757751177185113,-0.0133150639358567,-0.3906983084621292,-0.017416902877217,-0.162974040424609,-0.0807768728514082,0.32704221700514546,0.0,-0.9284753079066886,-0.0650478154407617,-0.4221767095489815,0
1630198,Isaiah Joe,-0.0150588313323963,-0.1360092999555787,-0.4222535776201268,-0.0417264607440837,-0.2806843007788867,-0.2373103539476997,0.0351651675172249,0.0,0.0,0.0073474456652069,-0.1874885862634685,2
1630200,Tre Jones,0.0053487545314087,0.0389552645247268,-0.6338938406263972,0.0249890431932618,0.1704764476889256,0.2528671303287507,0.05274776461522367,0.0,-0.2544655705736698,0.2370220433084685,-0.5243923582423322,4
1630201,Malachi Flynn,0.0406629543395887,-0.0033613958734343,-0.4196790447954002,-0.058058736048299,0.4712231074561242,0.4896623229891135,0.0,0.0,-0.2004876195837411,0.1047997774619275,-0.4925965340410906,4
1630202,Payton Pritchard,-0.1751983247083719,0.028070982069155,-0.5395136424342776,0.0284320618625166,0.4563226024804346,0.491804981742783,-0.0339513793883248,0.0,-0.1024127352439531,0.2571257424506775,-0.1667726871486128,4
1630205,Lamar Stevens,0.055079907920748,0.051901968404644,-0.4949903651812658,-0.0330204673237925,-0.1908678728055988,-0.1731658373508122,0.22565960238559987,0.0,-0.5995169074249929,-0.0743047665860625,-0.6185875988943426,1
1630208,Nick Richards,-0.0983641638281174,-0.0340882848526142,-2.195090428323825,-0.0248825561748452,-0.0563551640206536,-0.144824599232713,0.28361608940223276,0.0,-0.8101529342098603,0.0044642562911371,-1.588513092196394,3
1630214,Xavier Tillman,-0.0509318204411376,-0.1158385320823965,-1.1249069300304617,-0.0210915837198715,-0.0846731919981793,-0.1008895482183296,0.22210772417481692,0.0,-0.6252819473193854,-0.0759980360795738,-0.6931491485539395,1
1630224,Jalen Green,-0.0042808112002593,0.0726843015708257,-0.343788596047173,-0.0112181820013708,-0.2254329693412373,-0.1942386316249035,0.2534082174153514,0.0,-0.6743497814445217,-0.003823119398196,-0.4962708855925151,1
1630228,Jonathan Kuminga,0.0246652695827401,0.0790009808068703,-0.4747144099683168,0.0806091548137559,-0.1963650753429777,-0.1686441938444608,0.41909110352879414,0.0,-1.1812734605308162,-0.0343991794362825,-0.4807102233869643,0
1630230,Naji Marshall,0.0025681396905874,0.045344522104875,-0.5620180769502534,0.0184650597941691,-0.2261380936966049,-0.2457422384173014,0.24740799211529832,0.0,-0.6552227470589973,0.2199820706301373,-0.3989043953674516,1
1630231,KJ Martin,0.0226367666886182,-0.0427149778190479,-0.5584633031624008,-0.0414848923705407,-0.1987764354695979,-0.138369044051675,0.28681055640998887,0.0,-0.7819074979225992,-0.2277735971582681,-0.6109829911993311,1
1630245,Ayo Dosunmu,-0.01785360459978,0.097165842454773,-0.3530911023165546,-0.0109555301017631,-0.1919844061148903,-0.0796830907460009,0.3319581856125248,0.0,-0.930446389192583,-0.2316760329397186,-0.3948787872677741,0
1630529,Herbert Jones,-0.1165762961305656,-0.0547149061503809,-0.1572994038322148,0.142044899535564,-0.3278874788815989,-0.2091609861496693,0.3304780624096523,0.0,-0.8883956125326996,0.1615380382622892,-0.4656226604082235,0
1630530,Trey Murphy III,0.0472359206637549,0.0196450296655191,-0.3322711883101768,-0.0108631719857514,-0.1434691006565507,-0.1074369028120344,0.3597883455279558,0.0,-1.035542059822732,0.1770079675430779,-0.2660901976823089,0
1630532,Franz Wagner,0.0152700673060468,0.0605396554998913,-0.607953953744051,-0.0723035748178036,-0.2191280255772295,-0.177014584829948,0.4721815699508274,0.0,-1.334124337353218,-0.0352972132355008,-0.4939540817679835,0
1630533,Ziaire Williams,0.0730070729717449,0.117849736095666,-0.3667605493214682,0.1504988779055688,-0.2845791887366082,-0.1866856303488756,0.2225192154624255,0.0,-0.5682672392696453,-0.0691780315935171,-0.7048395684026015,2
1630537,Chris Duarte,-0.0658037563477925,-0.0221525820012597,-0.2716883802716018,-0.0824231967116428,-0.3004671141624383,-0.2124002466773643,0.03820152679432417,0.0,0.0,-0.2316171487923256,-0.6550911325972731,2
1630538,Bones Hyland,-0.1164040103020614,0.181819451993969,0.0708106225452438,-0.0509908290362495,-0.209793965265315,-0.0318895543753962,0.22800895655056166,0.0,-0.6324102799488805,-0.0459842306019077,-0.5937731265097254,2
1630540,Miles McBride,0.0182263362774384,0.0175035096111547,-0.1909240323578238,-0.0558545400317061,-0.1840899850598263,-0.076870059475838,0.08919561679162256,0.0,-0.2144262127494685,0.0074178485408254,-0.4286199452330559,2
1630541,Moses Moody,0.0167963071946273,-0.0418510996592569,-0.2729323353784318,-0.0154230168753999,-0.3473493713287774,-0.2224593676411192,-0.015732648036360233,0.0,0.163594210158565,0.0034579600486863,-0.404077322877429,2
1630543,Isaiah Jackson,0.0867541123321448,-0.1243669682933216,-1.2637230965582542,-0.0215321751466126,-0.2830959289667804,-0.3044781412718915,0.13047578682974545,0.0,-0.2782049065259117,0.1579650632073967,-1.2508856425378565,1
1630544,Tre Mann,-0.0261879431877257,0.02070469517609,-0.3883162765783136,0.1139683112978649,-0.0185183908072554,0.0624589746531223,0.09690648993231621,0.0,-0.2999555770320536,0.0101871507215371,-0.4757237814035089,4
1630552,Jalen Johnson,-0.0444243655920452,0.0491397636599688,-0.579680919095996,0.0010808781816521,-0.1236576474014653,-0.1464461158104257,0.46253193719465235,0.0,-1.3330394528980822,0.012450128874296,-0.471941275848735,0
1630557,Corey Kispert,-0.0919683810337389,0.1434245674162879,-0.6352361943957412,-0.0423586585585859,-0.0838723255655244,-0.0487012002916788,0.1325270370962637,0.0,-0.3787929690877453,0.1979535477064769,-0.1284813671059011,1
1630558,Davion Mitchell,-0.0868207787263698,-0.020266966817278,-0.556981346799324,0.0384046650974389,0.2181843608976189,0.3093087163147304,0.09277900026915936,0.0,-0.3859748390660369,0.0038369739554824,-0.3908607838188132,4
1630559,Austin Reaves,-0.0417116330990108,0.0408570157395533,-0.6173591915104848,0.165686205969305,-0.7463447703232561,-0.654401444487069,0.092519582398929,0.0,0.0136773650422637,-0.1227646573656454,-0.1659236274853508,2
1630560,Cam Thomas,-0.0194765887230081,0.0881250409444337,-0.359130984752561,-0.0292134469059766,-0.3018064238345071,-0.2312723665383411,0.23858541755567353,0.0,-0.6058214754310685,-0.0236718013737847,-0.3792199269234598,2
1630570,Trendon Watford,0.0096047258476052,-0.1861828098139606,-0.3980146236904848,0.1481083096345778,-0.1927094400805462,-0.0906874892133625,0.24681821888669686,0.0,-0.6903484098430196,0.188380169938404,-0.2975371199255071,1
1630573,Sam Hauser,-0.0437658376588107,0.0924816010657562,-0.5927607332037674,-0.0019108170871021,-0.0601952526642284,-0.0795613214342536,0.19692858513774159,0.0,-0.5525620639781726,-0.2311845769589984,-0.0373767716681025,1
1630577,Julian Champagnie,-0.1333819211335272,-0.1802560985223575,-0.2173929680167058,-0.0553459371092479,-0.1171365113480981,-0.04876826014704,0.15739407851579437,0.0,-0.4464221421927349,0.1955013692065004,-0.4221458815158789,2
1630578,Alperen Sengun,-0.0932314650538879,0.0512807123707342,-0.659273200618023,0.0658537880229225,-0.1576141786144069,-0.1263082813213712,0.30271099415058095,0.0,-0.8475859263634717,-0.0602568242619647,-0.4940196872074165,1
1630581,Josh Giddey,0.0629747143624882,-0.0130547500761841,-0.6178675498251124,0.0078185381335342,-0.1349346238207145,-0.1135713182806901,0.3591766169842463,0.0,-1.027433193992962,0.0157621215778989,-0.4577593732368035,0
1630591,Jalen Suggs,-0.0152365039169398,-0.0221334639841778,-0.1845622990001036,-0.025171527069198,-0.2606546442599579,-0.1227638690524044,0.025942012396523665,0.0,0.0,0.0166382740425427,-0.4050255380808191,2
1630595,Cade Cunningham,-0.0983165362227252,0.0209316943099449,-0.4257693245654482,0.0428140909970185,-0.0859759538692458,-0.101096504200603,0.4157541089659305,0.0,-1.2071087173963375,-0.0475616722686356,-0.3644187882305921,0
1630596,Evan Mobley,0.0597540312761434,0.1556127293419461,-0.5814481021713458,-0.0029816930955814,-0.3187673922550272,-0.2228647453200424,0.5433858590044028,0.0,-1.516363107438902,-0.0726576252590222,-0.8007502599397446,0
1630598,Aaron Wiggins,0.0618428612244629,0.0259216264453789,-0.023318941531819,0.0219946903783264,-0.1661122475564508,-0.0199814292047047,0.29138691634362823,0.0,-0.8362076317388324,0.0075416091657403,-0.2470546543594997,0
1630692,Jordan Goodwin,0.004503349178695,-0.1407640126228286,-0.4917863408288706,-0.0802253976251959,0.0086615182466225,0.0453650921695869,0.026666190454546167,0.0,-0.0804590448472746,-0.2490844801342834,-0.6002165647121354,4
1630700,Dyson Daniels,-0.0930315429326831,-0.0719726080389414,-0.7411924108107756,-0.0493828642326125,-0.0283330198734961,-0.0581208814094212,0.284823339468919,0.0,-0.837504672621135,0.0147182801060977,-0.4730025520018316,1
1630702,Jaden Hardy,0.0838646854842676,-0.0671529482847573,-0.3242507717995152,0.0358496572123993,-0.344421708573165,-0.3710283763496957,-0.0031473152186882332,0.0,0.1475714924145044,0.1860010543177742,-0.3796357986614024,2
1631093,Jaden Ivey,-0.0582582476042702,0.0194371228634931,-0.1831669579452538,0.0288949725685209,-0.4774689649919174,-0.3857350653589452,0.057393787877962704,0.0,0.0074680012020086,-0.0781835922316923,-0.5480448058755618,2
1631095,Jabari Smith Jr.,-0.0901181080570257,0.0896788921951292,-0.5868538340604434,0.019729822792209,-0.1535328920524686,-0.1567941884665208,0.26112009409755055,0.0,-0.7281831660357647,0.193509322589258,-0.4724153715607027,1
1631097,Bennedict Mathurin,-0.0405237371781315,0.0641104776900668,-0.5314028572992,0.0134220491095223,-0.1089814234795302,-0.1392693942698505,0.3082210092420092,0.0,-0.8714226721136135,-0.0625370830730432,-0.4435579203869486,1
1631099,Keegan Murray,0.0389056640610939,0.0079697361699491,-0.3446412055494494,-0.0374928543250265,-0.225708131116287,-0.2077667672316528,0.24858426785030996,0.0,-0.6573287379361188,0.0019122058632373,-0.3112419502290318,1
1631100,AJ Griffin,-0.0415423302422315,-0.1345043397544621,-0.6439673216771252,-0.116596209445513,-0.3006131635499527,-0.329583137746173,0.24235813704249595,0.0,-0.5986295800703392,0.0027508539944867,-0.272463591778703,1
1631101,Shaedon Sharpe,-0.012474633823472,0.0762179457309575,-0.1473929131394636,0.051520551805516,-0.4566070748921788,-0.3706146725481615,0.021442402279662067,0.0,0.1104298975815062,-0.1366475709960939,-0.5046459493324987,2
1631105,Jalen Duren,-0.0747676622130464,0.0409825684750823,-1.0866787821985686,-0.0737785986082596,-0.2758714724571013,-0.2071581507154421,0.45757267887879927,0.0,-1.272277659336571,-0.0408553242589888,-1.3366886271423557,1
1631106,Tari Eason,-0.0348562420546005,0.0396077294812523,-0.11871915838633,-0.0097707791612002,-0.1408079434112133,-0.0529072237276695,0.3861121370642497,0.0,-1.1184956566895412,-0.0030909151501451,-0.6633550717427306,0
1631110,Jeremy Sochan,0.0074563475555845,0.0505574328857276,-0.4523712988590632,0.0343962432596074,-0.2167274068988993,-0.1814128334301021,0.348163139673767,0.0,-0.9620765092597984,-0.0257628153527687,-0.7212493026276686,0
1631114,Jalen Williams,0.0267017447560213,-0.0183655503323172,-0.41818067705612,-0.0074538064831894,-0.115729044003946,-0.0809627857363903,0.3902695404999699,0.0,-1.1288439548376952,-0.0415949087380406,-0.2103286415169199,0
1631117,Walker Kessler,0.0135110858231513,0.0537791416883891,-1.8738685399639967,0.1153080143609374,-0.1050735805757019,-0.2193540601325103,0.42973636358605266,0.0,-1.2306682075603022,0.1767346999090471,-1.134938652721965,3
1631133,Jabari Walker,0.0950069389211087,0.1255730711156681,-0.3685820901451082,0.0232604027433197,0.0271105736772174,0.1528980818677192,0.4224133589020347,0.0,-1.2959821234607811,-0.1838831427445041,-0.7369399583812193,0
1631212,Peyton Watson,0.0882511852738786,-0.003473869248942,-0.7611132183403274,0.0646113879082244,-0.1405035052197518,-0.2432308402873045,0.32882023274462197,0.0,-0.90884084139382,0.0117078330586213,-0.4973254002322285,1
1631223,David Roddy,-0.0156664521347404,0.1597252136795954,-0.5093616601335592,0.0074253788966806,-0.1053778921966969,-0.026159601666717,0.3368157972185532,0.0,-0.9805262343486862,-0.0692648454334701,-0.6624487001130877,0
1631323,Simone Fontecchio,-0.1111711623905882,-0.0277603431561636,-0.1682938805335866,0.0295757048253014,-0.0642253179254804,0.0211197647075103,0.35284433513862856,0.0,-1.0400075584760733,-0.2268959616431486,-0.4492987117588214,0
1713,Vince Carter,-0.027190787425201,0.0212066437509291,-0.0469008403028628,0.0129409205092351,-0.2405353098230558,-0.1623689110354937,0.5763169311989067,-0.9024661683060844,-0.7437742495001036,-0.0077214498017447,-0.4394782999195314,0
200768,Kyle Lowry,-0.0112834978851587,0.184501575018338,-0.612762163851059,0.0396283914699991,0.0887808346107768,0.0595957293210666,0.0,0.0,-0.028964902658265,-0.0326554994555598,-0.2645443678610775,4
201142,Kevin Durant,-0.0270670017923041,0.0705261981700393,-0.5599110220558348,-0.0410764801577582,-0.1239556215299682,-0.104401578443433,0.5896283814904849,0.0,-1.7230876620389408,0.0201150340386235,-0.0479886537842222,0
201143,Al Horford,-0.0108592083776667,-0.0504656556829455,-0.3067019932627792,0.0688207826154588,-0.2530296693420178,-0.1696829025920627,0.3905554051062809,0.0,-1.0840201450937048,-0.0286742313396493,-0.1496792913747504,0
201144,Mike Conley,-0.0419354151984689,0.0793750052330807,-0.051426172826111,0.041805299601697,0.1104001585410136,0.2491526578348099,0.0,0.0,-0.0820072378005222,0.2112950408011684,-0.3173293474191621,4
201145,Jeff Green,-0.2432816376127948,0.0117981602688031,-0.3238120830994554,0.0786340903506757,-0.2926102597520775,-0.1479947857798852,0.24620701832715466,0.0,-0.6479586615606086,-0.0106997788557234,-0.6786375350418861,1
201566,Russell Westbrook,-0.0842781355438889,0.0354890849929798,-0.7449440218487062,0.037278016223436,-0.0527402916589356,-0.0651667118049601,0.2535419024494734,0.0,-0.7365888199818439,5.550562585870878e-05,-0.6364021731662821,1
201567,Kevin Love,0.0777116069165977,-0.0860307855544004,-0.3180227368623562,-0.0610908664813661,-0.0614678917734961,0.1091480129114441,-0.15370351744815253,0.0,0.4498590561047533,0.0441416881055548,-0.4401494059933719,4
201569,Eric Gordon,-0.0504587370315228,0.0008610061408287,-0.343985706841341,0.0709878735639552,-0.0462787119521893,0.0323329375067872,0.20290437651538815,0.0,-0.6064740458195677,0.0181222256241306,-0.336523131049062,1
201572,Brook Lopez,-0.0789394714666813,-0.0688328081468044,-0.5008644326879108,-0.012353382555203,-0.2605553024626429,-0.1664722644772026,0.30120796971947067,0.0,-0.8047921120650487,-0.2727912901755727,-0.29585429676467,1
201935,James Harden,-0.0497097866473115,0.0718129077942971,-0.2231599002096404,-0.0582292384816139,-0.1518338107699322,-0.0836995585325574,0.20544385268030177,0.0,-0.5577571648489912,-0.2461261968546446,-0.3618071935750356,2
201939,Stephen Curry,-0.02256364951462,-0.002105276604126,-0.30620135193319,0.0624517313208941,0.0454887793397946,0.1198074879282843,0.0,0.0,-0.0320027393666017,-0.0376306713122013,-0.1631643765156843,4
201942,DeMar DeRozan,-0.039819244682342,0.0193572927082255,-0.7919176284931276,0.049521368258919,-0.1005235605983142,-0.115094178901345,0.16820088655217824,0.0,-0.4615940536789072,0.0229875974387973,-0.2823566955051758,1
201950,Jrue Holiday,-0.0125369580700913,0.0109236347053511,-0.4599647597961134,-0.073837801973801,-0.0490832565140897,-0.0143287850235545,0.18552829329623868,0.0,-0.5449415611094156,0.0324665024949328,-0.2199802063025495,1
202330,Gordon Hayward,-0.1418549834620636,0.044912258551152,-0.5444980746215718,0.0351594007437921,-0.2188665995561587,-0.1763377533809457,0.37964217406744566,0.0,-1.0544485001093435,-0.088668148492075,-0.4171326732783147,0
202331,Paul George,0.0256675265454648,-0.0103646982274705,-0.470105954562982,-0.0344031229454228,-0.0498279157672648,-0.0262733903763238,0.24758969311338294,0.0,-0.7275066905231833,0.0075045573647715,-0.2049741766319077,1
202681,Kyrie Irving,0.0314454280100238,0.046796591556953,-0.5386485246329632,-0.0078113147364777,0.0094030136313258,0.0307070977402074,0.16636094959299727,0.0,-0.5079093823116145,0.0162064080097137,-0.1480101673430023,1
202685,Jonas Valanciunas,0.0174745133677404,-0.0794900501765927,-0.7836999992883898,0.0608216595706767,-0.2070326212449409,-0.2190286947673219,0.3303590900933017,0.0,-0.904745266551574,0.0142439875517297,-0.3502777560103305,1
202691,Klay Thompson,-0.0421571907692526,0.0364433872120861,-0.1355080690052686,0.0428490440784885,-0.1289940647019227,-0.0123080941609792,0.24667124175594865,0.0,-0.7129450730452264,0.0475243042824731,-0.3171791907943757,0
202694,Marcus Morris Sr.,0.0486348364773825,0.1858032867756336,-0.3202466810758872,0.1625557691113346,-0.3404208320841814,-0.2982665829937775,0.21075485097311428,0.0,-0.4986061849148486,-0.0765150624880071,-0.2509148822656595,2
202695,Kawhi Leonard,-0.0375320818395171,0.0209678577374362,-0.5179558280561184,0.0445491145561639,-0.171060605441829,-0.1705230227922528,0.38580394441335186,0.0,-1.0855927602093112,-0.0499301002434138,-0.1310514393620717,0
202696,Nikola Vucevic,-0.0844463871519657,-0.010338775170716,-0.784765442256872,0.0014355388285052,-0.1066632404598169,-0.1050303645840201,0.15882715064718897,0.0,-0.4324409467615247,-0.0197547615724078,-0.36349767558263,1
202699,Tobias Harris,0.0001698583206589,-0.0219255952435956,-0.5009419024706872,0.0802919869723723,-0.1879509738301906,-0.1762197181280624,0.30702199901954386,0.0,-0.8436248551934891,-0.0734301299445288,-0.2952297742088101,1
202704,Reggie Jackson,0.0100665144539313,0.0006111844504556,-0.5291509236664687,0.1309358533478064,-0.0702124764875626,-0.0840193337908278,0.24281598314287087,0.0,-0.6866891784199757,-0.244709214760117,-0.4007421499547355,1
203076,Anthony Davis,0.0003491356410689,-0.1104872002904168,-0.8410820009418064,0.0161526221299322,-0.233143492667098,-0.2012662056129353,0.37127711659972557,0.0,-1.0216536930388551,-0.0820047122011499,-0.6012905788428125,1
203081,Damian Lillard,0.0380451241941045,0.023148808901705,-0.3840999313829888,0.0090269003154472,-0.2406435927967899,-0.1827790973028503,-0.1660590851593086,0.0,0.5901064023974666,-0.1281088851838651,-0.318827847677299,4
203083,Andre Drummond,-0.0111445392800393,0.0711006542694786,-3.181724179331596,0.084219575964603,-0.0634387650980944,-0.2468879285651743,0.1340066540615234,0.0,-0.3496886345141445,0.2525581398607163,-2.699484778409515,3
203110,Draymond Green,-0.0031101861734251,0.0840816187115625,-0.223900327872534,0.1563047171917866,-0.1680982410352976,0.0113416363828269,0.38973934167738605,0.0,-1.1443210092917753,0.1769099071210779,-0.5455000589456229,0
203114,Khris Middleton,0.0435526612209718,0.0947233127944448,-0.5518180930684397,-0.0844580320435099,-0.0290291529517847,-0.006627555771391,0.0951507875420299,0.0,-0.2799503639970916,0.0431987597345816,-0.2415817117638878,4
203468,CJ McCollum,-0.0215781631351262,0.0247612257595224,-0.2970429069933584,-0.0448737350502627,-0.0706709129845251,-0.0583040198738621,0.1330695075462377,0.0,-0.3724330186116558,-0.0101625436658885,-0.263744374540947,2
203471,Dennis Schroder,0.0319654276765825,0.0299449848246821,-0.4739755163298134,-0.0134186195938305,0.0080910166341465,-0.0148224127429704,0.0,0.0,0.0,0.0315308722003768,-0.3818414892171061,4
203482,Kelly Olynyk,-0.0074763420258523,-0.0083851996630799,-0.5535529006253148,-0.0286599468436937,-0.1226118806691896,-0.0548160792734541,0.40079430233042324,0.0,-1.1660188747155975,-0.0004166083006488,-0.2045731265353308,0
203484,Kentavious Caldwell-Pope,-0.0391141763000313,0.0160250388687714,-0.1829467974420096,0.011874135489482,-0.2461745493802031,-0.1929947891763042,0.23940133522349358,0.0,-0.6253139355386327,-0.0748514024240649,-0.2473251343385898,2
203486,Mason Plumlee,-0.0071931531923121,0.0072455340436474,-1.7065427501001622,-0.096062927398668,-0.129091285687402,-0.1791366218518729,0.31385973766940334,0.0,-0.8755843458572451,-0.0756623435119765,-1.2172015252460282,3
203497,Rudy Gobert,-0.0456782172836074,0.0297090944454702,-2.901343111276927,-0.0189640861431787,-0.0278917834623445,-0.192214968483536,0.46638029114132534,0.0,-1.353122495142392,-0.0337775765575416,-2.382512287263943,3
203501,Tim Hardaway Jr.,-0.0395081269384548,0.0293105417971901,-0.1564009157997278,0.0713155316565477,-0.1399896784462938,-0.0464800392179536,0.36627200119416226,0.0,-1.0588185816589133,-0.0416478785305084,-0.4462233971841869,0
203552,Seth Curry,0.0585395120925286,-0.041294472139891,-0.3930902421157854,-0.1024078652839193,0.1104781251992708,0.2197608762289681,0.0,0.0,-0.0674739538316606,0.0069296060121518,-0.1940036867680116,4
203897,Zach LaVine,0.001637903853252,0.0186873807234699,-0.6589685642351804,0.0215969291197975,-0.1761845536749658,-0.2049805685714364,0.39342644675425004,0.0,-1.100351774167961,-0.0520314813865578,-0.2322856023952013,0
203903,Jordan Clarkson,0.0058798922200367,-0.0030004674006193,-0.5309699344475988,-0.0434986597842749,-0.08137239758237,-0.040503301753395,0.2587273775452197,0.0,-0.7536579890587742,0.0577078411542263,-0.4418079847573161,1
203914,Gary Harris,-0.0161590823309408,0.2184131386257717,-0.3448990072344878,0.0299514072726421,-0.0662379274729897,-0.0027100244012091,0.0582102794878007,0.0,-0.1606867587046485,0.0060287327409385,-0.2865319490153146,4
203915,Spencer Dinwiddie,0.0748356969354821,0.0601144875796317,-0.5007755748397564,-0.0688445406668848,-0.0077977501158521,-0.006396250278212,0.26423873837884815,0.0,-0.7900732072433766,0.0060927991063602,-0.4013641851561378,1
203924,Jerami Grant,-0.0348773744890376,-0.0007997157631116,-0.1708039819567914,0.0582970525482357,-0.1984791761310494,-0.1392931233445145,0.3685378305854407,0.0,-1.0357843340617126,-0.018390518012678,-0.3639948712659492,0
203926,Doug McDermott,0.025437157445467,-0.0112068940640257,-0.1586263863902574,-0.0531107394348212,-0.354994696304205,-0.27801702845097,0.3921298590802744,0.0,-1.035333564630533,-0.2779759373062064,-0.3032950152258837,0
203932,Aaron Gordon,0.0290893927581861,-0.022832291981449,-0.3921053347175958,0.0452846083129166,-0.2416384483340548,-0.1522581579458382,0.47636421405906754,0.0,-1.3482630164404807,-0.0061866151587044,-0.6625596189504698,0
203935,Marcus Smart,0.0438966963065014,-0.0206931751679686,-0.6528978272011342,-0.021290253903683,0.1207216168304521,0.1510211178732894,0.26479965217968365,0.0,-0.8489022810802851,-0.02129507876057,-0.3480045242283154,1
203944,Julius Randle,-0.0377223404163965,-0.0218856402954,-0.6714398548213648,-0.0032166636542184,-0.0534803516000539,-0.0345084675226061,0.36631420066343884,0.0,-1.080521045610065,-0.0101121741812186,-0.4121450210796136,0
203952,Andrew Wiggins,-0.0027441378152427,0.128908409606121,-0.1498284584061866,-0.0743305520144506,-0.2924856544029412,-0.1820843810245667,0.3997445885468252,0.0,-1.1006012369242784,-0.0369578749078754,-0.5028165281964125,0
203954,Joel Embiid,-0.0235295805315886,0.1070517830830623,-0.489913024187787,-0.0052714364338069,-0.1760313823164796,-0.0940294890619946,0.20451849068071012,0.0,-0.5576588944600186,-0.0146269198909835,-0.2027349237743404,1
203967,Dario Saric,-0.1254163317609047,-0.0360413834098162,-0.2879502155068728,-0.0967773881226863,0.0054877675581674,0.1764046050830194,0.03159891456994413,0.0,-0.1321794724334659,0.014234506095243,-0.4174462045521211,4
203991,Clint Capela,0.0050994412932795,0.0605055396279713,-1.3570511458535064,0.019763270420715,-0.2295869243569857,-0.2376811648141286,0.42241909423982943,0.0,-1.179636925752397,0.1834829295939366,-1.4108429156398958,3
203994,Jusuf Nurkic,-0.0377756131353147,-0.1827833006783996,-0.934264916462898,0.0467608912083742,-0.0692551742041541,-0.1586266850264706,0.2996172046355117,0.0,-0.8530100074716608,0.0116244163540101,-0.3411345251698389,1
203999,Nikola Jokic,0.0374284041646656,0.0859511737309988,-0.8832557084215737,0.0607007903487163,-0.1492231828580648,-0.1437625446946532,0.3040349450129424,0.0,-0.8529329117599573,0.0150762781624063,-0.0956799999768582,1
204001,Kristaps Porzingis,-0.1379416981129707,0.0689828738600566,-0.6472192754585298,-0.0198562342773835,-0.1472367274147668,-0.2455743162378563,0.2745009114063032,0.0,-0.7437997995204825,0.006441143213875,-0.245626600540876,1
204456,T.J. McConnell,-0.1496816126258379,0.0985721603641896,-0.3268782283767958,-0.0071621288537048,-0.5014830991068824,-0.3987591082527867,0.0,0.0,0.1855342344191576,-0.0379190955524089,-0.1956519699403611,2
2199,Tyson Chandler,0.0328515072886118,0.0513265709576551,-0.1381245693252728,0.0274716547698383,-0.2894547083815272,-0.1361451469104484,0.583444356600427,-0.8619905344174547,-0.8102785120256928,0.216076101621863,-0.7943347418105835,0
2200,Pau Gasol,-0.0586629430272388,0.0009570509670303,0.0571218117017788,0.046304632995967,-0.2693939767996672,-0.126854738130765,0.6034404108251838,-0.8654807178632298,-0.8642725652675147,0.0139291781900094,-0.3363141181282992,0
2403,Nene,-0.069320041659677,0.0393398999987178,0.3068442631829532,0.0116320948690464,-0.3064950888704324,-0.0429123423383281,0.6242709521991733,-1.259409084316717,-0.5418469905208785,0.0066141466500678,-0.5221167127074383,0
2544,LeBron James,0.0238765669424277,0.048830489659975,-0.3546021949071398,0.0249973412702144,-0.2929308509700821,-0.1482022071219459,0.48082360162660237,0.0,-1.3511310054223968,-0.0242167254103685,-0.4334361091814468,0
